User Id,User Name,Book Title,Book Price,Book Id
1,User_1,Book Title 1-0,53,B1_0
1,User_1,Book Title 1-1,48,B1_1
1,User_1,-,-,B1_2
1,User_1,Book Title 1-3,66,B1_3
2,User_2,-,-,B2_1
2,User_2,Book Title 2-2,67,B2_2
2,User_2,Book Title 2-3,9012,B2_3
2,User_2,Book Title 2-4,1314,B2_4
2,User_2,Book Title 2-5,-,B2_5
2,User_2,-,404994,B2_6
2,User_2,-,107190,B2_7
2,User_2,Book Title 2-8,36,B2_8
3,User_3,Book Title 3-0,-,B3_0
3,User_3,Book Title 3-1,92,B3_1
3,User_3,Book Title 3-2,-,B3_2
3,User_3,Book Title 3-3,-,B3_3
3,User_3,Book Title 3-4,64,B3_4
3,User_3,Book Title 3-5,3222,B3_5
3,User_3,Book Title 3-6,9010,B3_6
3,User_3,Book Title 3-7,-,B3_7
3,User_3,Book Title 3-8,82,B3_8
3,User_3,Book Title 3-9,79,B3_9
4,User_4,Book Title 4-0,3429,B4_0
4,User_4,-,8231,B4_1
4,User_4,Book Title 4-2,32,B4_2
4,User_4,Book Title 4-3,27,B4_3
4,User_4,Book Title 4-4,7321,B4_4
5,User_5,-,84,B5_0
5,User_5,-,118224,B5_1
5,User_5,Book Title 5-2,382572,B5_2
5,User_5,Book Title 5-4,896587,B5_4
6,User_6,Book Title 6-0,5325,B6_0
6,User_6,Book Title 6-2,40,B6_2
6,User_6,Book Title 6-4,7069,B6_4
6,User_6,Book Title 6-5,960521,B6_5
7,User_7,Book Title 7-0,97,B7_0
7,User_7,Book Title 7-1,557674,B7_1
7,User_7,Book Title 7-3,96,B7_3
7,User_7,Book Title 7-4,8495,B7_4
7,User_7,Book Title 7-5,-,B7_5
7,User_7,Book Title 7-6,-,B7_6
7,User_7,Book Title 7-7,-,B7_7
7,User_7,Book Title 7-8,9766,B7_8
8,User_8,-,958123,B8_0
8,User_8,Book Title 8-1,778436,B8_1
8,User_8,Book Title 8-2,928871,B8_2
9,User_9,Book Title 9-0,-,B9_0
9,User_9,Book Title 9-1,-,B9_1
9,User_9,Book Title 9-2,96,B9_2
9,User_9,Book Title 9-3,-,B9_3
9,User_9,Book Title 9-4,3510,B9_4
10,User_10,-,-,B10_1
10,User_10,Book Title 10-2,-,B10_2
10,User_10,Book Title 10-3,673011,B10_3
10,User_10,Book Title 10-4,81,B10_4
10,User_10,Book Title 10-6,330523,B10_6
10,User_10,Book Title 10-7,3343,B10_7
10,User_10,Book Title 10-8,88,B10_8
10,User_10,Book Title 10-9,100,B10_9
10,User_10,Book Title 10-10,282148,B10_10
10,User_10,Book Title 10-11,-,B10_11
10,User_10,Book Title 10-12,51,B10_12
10,User_10,-,37,B10_13
